email,password,,,,,
jaqigi@cyclelove.cc,Abc@12345,,,,,
qafoly@forexzig.com,Abc@12345,,,,,
zapedate@cyclelove.cc,Abc@12345,,,,,
jusuzylo@fxzig.com,Abc@12345,,,,,
zewusy@cyclelove.cc,Abc@12345,,,,,
midube@fxzig.com,Abc@12345,,,,,
wemofid228@obirah.com,Abc@12345,,,,,
nybawylu@forexnews.bg,Abc@12345,,,,,
walotysu@forexnews.bg,Abc@12345,,,,,
vyqilito@forexzig.com,Abc@12345,,,,,
cipijamu@cyclelove.cc,Abc@12345,,,,,
zyhozo@forexzig.com,Abc@12345,,,,,
jaxujafu@forexzig.com,Abc@12345,,,,,
pacine@denipl.com,Abc@12345,,,,,
linyqu@denipl.net,Abc@12345,,,,,
dykucoxu@fxzig.com,Abc@12345,,,,,
pihafybu@forexzig.com,Abc@12345,,,,,
dekeqy@cyclelove.cc,Abc@12345,,,,,
hedyla@fxzig.com,Abc@12345,,,,,
tobygy@cyclelove.cc,Abc@12345,,,,,
pyqysiwa@cyclelove.cc,Abc@12345,,,,,
jiluxoti@cyclelove.cc,Abc@12345,,,,,
tidoqa@cyclelove.cc,Abc@12345,,,,,
jejajyxu@forexzig.com,Abc@12345,,,,,
xowuzake@fxzig.com,Abc@12345,,,,,
jogoqofu@forexnews.bg,Abc@12345,,,,,
babojo@forexnews.bg,Abc@12345,,,,,
laradugo@fxzig.com,Abc@12345,,,,,
mekilyru@forexnews.bg,Abc@12345,,,,,
jibeqoca@fxzig.com,Abc@12345,,,,,
wygikeqe@forexnews.bg,Abc@12345,,,,,
fumakobo@forexzig.com,Abc@12345,,,,,
fihela@forexnews.bg,Abc@12345,,,,,
cocuti@fxzig.com,Abc@12345,,,,,
zutazuly@denipl.com,Abc@12345,,,,,
farezado@fxzig.com,Abc@12345,,,,,
qacojyma@fxzig.com,Abc@12345,,,,,
zymalete@fxzig.com,Abc@12345,,,,,
wesudewy@fxzig.com,Abc@12345,,,,,
dylusi@forexzig.com,Abc@12345,,,,,
mikedi9863@crsay.com,Abc@12345,,,,,
guzicu@forexzig.com,Abc@12345,,,,,
mocunyne@fxzig.com,Abc@12345,,,,,
xufiduzy@forexzig.com,Abc@12345,,,,,
wafamivi@forexnews.bg,Abc@12345,,,,,
venoqugy@forexzig.com,Abc@12345,,,,,
xililydu@fxzig.com,Abc@12345,,,,,
livibefi@forexzig.com,Abc@12345,,,,,
nejafaqe@forexzig.com,Abc@12345,,,,,
nejytewa@forexzig.com,Abc@12345,,,,,
fabeze@fxzig.com,Abc@12345,,,,,
qogacede@fxzig.com,Abc@12345,,,,,
nufeti@forexnews.bg,Abc@12345,,,,,
nurolopo@forexzig.com,Abc@12345,,,,,
cidere@forexzig.com,Abc@12345,,,,,
vasabezu@fxzig.com,Abc@12345,,,,,
lefagaxi@forexnews.bg,Abc@12345,,,,,
josete@forexnews.bg,Abc@12345,,,,,
metexydo@forexzig.com,Abc@12345,,,,,
wakacezu@forexzig.com,Abc@12345,,,,,
lagusejy@fxzig.com,Abc@12345,,,,,
wowopebu@fxzig.com,Abc@12345,,,,,
qowawa@forexzig.com,Abc@12345,,,,,
tydyge@forexzig.com,Abc@12345,,,,,
fqcrp8ja26@xkxkud.com,Abc@12345,,,,,
hyfoleno@forexnews.bg,Abc@12345,,,,,
dusawazo@forexzig.com,Abc@12345,,,,,
tujuhicy@forexzig.com,Abc@12345,,,,,
0bw7ez1mnf@cmhvzylmfc.com,Abc@12345,,,,,
ij44ebf7xg@osxofulk.com,Abc@12345,,,,,
movicyfo@forexzig.com,Abc@12345,,,,,
s1dc3lojiv@xkxkud.com,Abc@12345,,,,,
myjusyle@forexnews.bg,Abc@12345,,,,,
xou9mdzm3j@cmhvzylmfc.com,Abc@12345,,,,,
jiguxuly@denipl.com,Abc@12345,,,,,
fywojiwo@denipl.com,Abc@12345,,,,,
xalocaxe@denipl.com,Abc@12345,,,,,
zaqimyhi@denipl.com,Abc@12345,,,,,
leperosu@forexzig.com,Abc@12345,,,,,
boqehu@forexzig.com,Abc@12345,,,,,
pedalugo@forexzig.com,Abc@12345,,,,,
hefyleko@fxzig.com,Abc@12345,,,,,
mukyli@denipl.com,Abc@12345,,,,,
lufelada@denipl.com,Abc@12345,,,,,
numoja@fxzig.com,Abc@12345,,,,,
gynily@denipl.net,Abc@12345,,,,,
liviwe@denipl.net,Abc@12345,,,,,
kivecu@denipl.com,Abc@12345,,,,,
ritiwigu@fxzig.com,Abc@12345,,,,,
kykozyla@fxzig.com,Abc@12345,,,,,
befeco@fxzig.com,Abc@12345,,,,,
nizuvula@fxzig.com,Abc@12345,,,,,
kosiwyva@fxzig.com,Abc@12345,,,,,
qofeciju@forexzig.com,Abc@12345,,,,,
luvoge@denipl.net,Abc@12345,,,,,
hinoluzy@denipl.net,Abc@12345,,,,,
zywekydu@fxzig.com,Abc@12345,,,,,
